test,comparison,statistic,p_value,alpha,significant,interpretation,ci_lower,ci_upper,n_bootstrap
Friedman,,32.24,2e-06,0.05,True,p=0.0000 (***). ✓ Hay diferencias significativas entre los modelos.,,,
Wilcoxon signed-rank,XGBoost vs RandomForest,55.0,0.000977,0.05,True,XGBoost es significativamente mejor que RandomForest.,,,
Wilcoxon signed-rank,XGBoost vs SVR,55.0,0.000977,0.05,True,XGBoost es significativamente mejor que SVR.,,,
Wilcoxon signed-rank,XGBoost vs Stacking,37.0,0.1875,0.05,False,Sin diferencia significativa con Stacking.,,,
Wilcoxon signed-rank,XGBoost vs Blending,54.0,0.001953,0.05,True,XGBoost es significativamente mejor que Blending.,,,
Corrected paired t-test (Nadeau-Bengio),XGBoost vs Stacking,0.246489,0.810834,0.05,False,p=0.8108 (ns). Sin diferencia significativa tras corrección.,,,
Bootstrap CI,,,,0.05,,"RMSE del mejor modelo: 2909.5852 (IC 95%: [2280.9641, 3600.4499])",2280.964056,3600.44993,2000
Shapiro-Wilk (normalidad de residuales),,0.712241,0.0,0.05,True,p=0.0000 (***). Los residuales NO siguen una distribución normal.,,,
Breusch-Pagan (homocedasticidad),,35.530642,0.0,0.05,True,p=0.0000 (***). Heterocedasticidad detectada (varianza no constante).,,,
