,count,mean,std,min,25%,50%,75%,90%,95%,max,skewness,kurtosis,missing
sensor_count,2500.0,32.2048,8.067024712685964,12.0,26.0,32.0,37.0,43.0,47.0,50.0,0.20983690485587395,-0.367720894949195,0
edge_count,2500.0,6.4676,1.9108141522109667,2.0,5.0,6.0,8.0,9.0,10.0,10.0,0.30134394560789757,-0.8032177450012945,0
cloud_region_intensity,2500.0,0.32054864,0.19891089016703237,0.0349,0.1654,0.2909,0.4626,0.6423,0.7054,0.7377,0.39437923001580527,-0.7991063109822201,0
data_volume_gb_day,2500.0,5.733932,3.2171515048094887,0.1,3.3675,5.34,7.5625,9.97,11.7,24.43,0.8880250146558278,1.2165016238937287,0
transmission_freq_hz,2500.0,2.46446364,1.4305255176083234,0.0132,1.2294749999999999,2.46105,3.6854,4.44796,4.721355,4.9986,0.03959161289911888,-1.1908802195862382,0
model_resolution,2500.0,0.5789112,0.245353606599676,0.15,0.363,0.587,0.78325,0.919,0.963,1.0,-0.027269519169726055,-1.1852087027583917,0
operation_days,2500.0,116.1912,20.486818358412325,75.0,101.0,116.0,131.0,144.0,150.0,165.0,0.08083357295903983,-0.7142174594961066,0
solar_powered,2500.0,0.3924,0.48838268505222787,0.0,0.0,0.0,1.0,1.0,1.0,1.0,0.4409908549793045,-1.8069732851718379,0
total_co2e_kg,2500.0,247.41719824,217.22174207378197,5.3812,87.950875,187.75765,346.211525,542.23729,677.6108499999998,1674.0336,1.674507879109381,3.8919362441363337,0
